Company,Interviewer,Interviewer Email,Candidate,Candidate Email,Scheduling method,Added On
Amazon,Jeff Bezoz,sundar@google.com,Rahul Verma,rahul.verma98@gmail1234.com,"Round1: https://calendly.com/interview/41540
Round2: https://calendly.com/interview/97428",04 Nov 1:18
Google,Sundar Pichai,sundar@google.com,Vivaan Bose,vivaan.bose466@gmail1234.com,"Round1: https://calendly.com/interview/85790
Round2: https://calendly.com/interview/85510
Round3: https://calendly.com/interview/84686",04 Nov 0:50
Tesla,Elon Musk,sundar@google.com,Simran Reddy,simran.reddy663@gmail1234.com,"Round1: https://calendly.com/interview/54385
Round2: https://calendly.com/interview/15662
Round3: https://calendly.com/interview/47976",02 Nov 23:04
Amazon,Jeff Bezoz,sundar@google.com,Kunal Bose,kunal.bose76@gmail1234.com,"Round1: https://calendly.com/interview/70828
Round2: https://calendly.com/interview/50241
Round3: https://calendly.com/interview/25181",02 Nov 15:18
Tesla,Elon Musk,sundar@google.com,Sanya Bose,sanya.bose275@gmail1234.com,"Round1: https://calendly.com/interview/52290
Round2: https://calendly.com/interview/86943",04 Nov 1:14
Amazon,Jeff Bezoz,sundar@google.com,Aditya Iyer,aditya.iyer652@gmail1234.com,Round1: https://calendly.com/interview/30185,03 Nov 17:33
Google,Sundar Pichai,sundar@google.com,Arjun Kapoor,arjun.kapoor851@gmail1234.com,"Round1: https://calendly.com/interview/56213
Round2: https://calendly.com/interview/80991
Round3: https://calendly.com/interview/88408",04 Nov 19:00
Open AI,Sam Altman,sundar@google.com,Kunal Sharma,kunal.sharma594@gmail1234.com,"Round1: https://calendly.com/interview/51392
Round2: https://calendly.com/interview/76696",03 Nov 6:15
Google,Sundar Pichai,sundar@google.com,Sanya Verma,sanya.verma339@gmail1234.com,"Round1: https://calendly.com/interview/98375
Round2: https://calendly.com/interview/65481
Round3: https://calendly.com/interview/56318",05 Nov 7:11
Amazon,Jeff Bezoz,sundar@google.com,Sanya Iyer,sanya.iyer341@gmail1234.com,"Round1: https://calendly.com/interview/46883
Round2: https://calendly.com/interview/87292",05 Nov 3:13
Tesla,Elon Musk,sundar@google.com,Rhea Iyer,rhea.iyer327@gmail1234.com,"Round1: https://calendly.com/interview/75776
Round2: https://calendly.com/interview/89769",04 Nov 20:19
Flipkart,Sachin Bansal,sundar@google.com,Rohan Patel,rohan.patel849@gmail1234.com,Round1: https://calendly.com/interview/68085,04 Nov 13:29
Google,Sundar Pichai,sundar@google.com,Neha Gupta,neha.gupta513@gmail1234.com,Round1: https://calendly.com/interview/50479,05 Nov 13:55
Amazon,Jeff Bezoz,sundar@google.com,Kritika Verma,kritika.verma937@gmail1234.com,Round1: https://calendly.com/interview/73859,03 Nov 21:39
Tesla,Elon Musk,sundar@google.com,Rahul Patel,rahul.patel730@gmail1234.com,"Round1: https://calendly.com/interview/55174
Round2: https://calendly.com/interview/18794",02 Nov 9:02
Open AI,Sam Altman,sundar@google.com,Kunal Iyer,kunal.iyer481@gmail1234.com,"Round1: https://calendly.com/interview/27408
Round2: https://calendly.com/interview/40002",04 Nov 22:31
Open AI,Sam Altman,sundar@google.com,Kritika Kapoor,kritika.kapoor552@gmail1234.com,"Round1: https://calendly.com/interview/43918
Round2: https://calendly.com/interview/41345",02 Nov 11:27
Tesla,Elon Musk,sundar@google.com,Rahul Nair,rahul.nair645@gmail1234.com,"Round1: https://calendly.com/interview/68179
Round2: https://calendly.com/interview/48948",01 Nov 11:31
Google,Sundar Pichai,sundar@google.com,Kabir Verma,kabir.verma182@gmail1234.com,Round1: https://calendly.com/interview/88556,04 Nov 8:05
Flipkart,Sachin Bansal,sundar@google.com,Vivaan Patel,vivaan.patel290@gmail1234.com,"Round1: https://calendly.com/interview/97185
Round2: https://calendly.com/interview/76927",03 Nov 1:39
Open AI,Sam Altman,sundar@google.com,Arjun Nair,arjun.nair658@gmail1234.com,Round1: https://calendly.com/interview/72922,04 Nov 20:58
Amazon,Jeff Bezoz,sundar@google.com,Sanya Gupta,sanya.gupta349@gmail1234.com,"Round1: https://calendly.com/interview/84597
Round2: https://calendly.com/interview/23187",01 Nov 11:32
Flipkart,Sachin Bansal,sundar@google.com,Vivaan Gupta,vivaan.gupta605@gmail1234.com,"Round1: https://calendly.com/interview/12865
Round2: https://calendly.com/interview/79241
Round3: https://calendly.com/interview/12914",03 Nov 2:47
Tesla,Elon Musk,sundar@google.com,Simran Bose,simran.bose351@gmail1234.com,Round1: https://calendly.com/interview/24142,05 Nov 5:39
Google,Sundar Pichai,sundar@google.com,Rhea Bose,rhea.bose498@gmail1234.com,"Round1: https://calendly.com/interview/51708
Round2: https://calendly.com/interview/76403
Round3: https://calendly.com/interview/31412",03 Nov 11:03
Tesla,Elon Musk,sundar@google.com,Neha Bose,neha.bose93@gmail1234.com,"Round1: https://calendly.com/interview/23260
Round2: https://calendly.com/interview/74092
Round3: https://calendly.com/interview/12963",03 Nov 10:31
Amazon,Jeff Bezoz,sundar@google.com,Vivaan Nair,vivaan.nair214@gmail1234.com,"Round1: https://calendly.com/interview/64914
Round2: https://calendly.com/interview/70562",02 Nov 5:48
Open AI,Sam Altman,sundar@google.com,Simran Sharma,simran.sharma97@gmail1234.com,"Round1: https://calendly.com/interview/17212
Round2: https://calendly.com/interview/39104",02 Nov 20:00
Google,Sundar Pichai,sundar@google.com,Aarav Sharma,aarav.sharma99@gmail1234.com,"Round1: https://calendly.com/interview/77347
Round2: https://calendly.com/interview/46141
Round3: https://calendly.com/interview/98705",02 Nov 14:51
Open AI,Sam Altman,sundar@google.com,Simran Mehta,simran.mehta153@gmail1234.com,"Round1: https://calendly.com/interview/93046
Round2: https://calendly.com/interview/69850",03 Nov 23:12
Google,Sundar Pichai,sundar@google.com,Arjun Bose,arjun.bose176@gmail1234.com,"Round1: https://calendly.com/interview/85452
Round2: https://calendly.com/interview/38878",04 Nov 17:40
Google,Sundar Pichai,sundar@google.com,Simran Sharma,simran.sharma232@gmail1234.com,"Round1: https://calendly.com/interview/51696
Round2: https://calendly.com/interview/89410",01 Nov 19:58
Amazon,Jeff Bezoz,sundar@google.com,Aarav Verma,aarav.verma607@gmail1234.com,Round1: https://calendly.com/interview/77116,04 Nov 0:41
Tesla,Elon Musk,sundar@google.com,Kritika Nair,kritika.nair563@gmail1234.com,Round1: https://calendly.com/interview/15056,01 Nov 21:24
Tesla,Elon Musk,sundar@google.com,Simran Kapoor,simran.kapoor373@gmail1234.com,"Round1: https://calendly.com/interview/78631
Round2: https://calendly.com/interview/27432
Round3: https://calendly.com/interview/18657",02 Nov 22:24
Google,Sundar Pichai,sundar@google.com,Rohan Patel,rohan.patel196@gmail1234.com,"Round1: https://calendly.com/interview/98361
Round2: https://calendly.com/interview/28296",02 Nov 18:49
Tesla,Elon Musk,sundar@google.com,Vivaan Sharma,vivaan.sharma229@gmail1234.com,Round1: https://calendly.com/interview/66157,02 Nov 14:56
Google,Sundar Pichai,sundar@google.com,Arjun Gupta,arjun.gupta187@gmail1234.com,Round1: https://calendly.com/interview/73562,03 Nov 22:21
Tesla,Elon Musk,sundar@google.com,Virat Gupta,virat.gupta464@gmail1234.com,"Round1: https://calendly.com/interview/84502
Round2: https://calendly.com/interview/99868",02 Nov 10:01
Google,Sundar Pichai,sundar@google.com,Priya Bose,priya.bose473@gmail1234.com,Round1: https://calendly.com/interview/75296,03 Nov 17:51
Open AI,Sam Altman,sundar@google.com,Ishaan Sharma,ishaan.sharma963@gmail1234.com,"Round1: https://calendly.com/interview/40827
Round2: https://calendly.com/interview/72398
Round3: https://calendly.com/interview/33994",01 Nov 14:41
Flipkart,Sachin Bansal,sundar@google.com,Ishaan Patel,ishaan.patel685@gmail1234.com,Round1: https://calendly.com/interview/95817,01 Nov 20:11
Amazon,Jeff Bezoz,sundar@google.com,Rohan Patel,rohan.patel109@gmail1234.com,Round1: https://calendly.com/interview/47876,02 Nov 6:59
Tesla,Elon Musk,sundar@google.com,Kabir Patel,kabir.patel496@gmail1234.com,"Round1: https://calendly.com/interview/82104
Round2: https://calendly.com/interview/90240
Round3: https://calendly.com/interview/27378",04 Nov 3:36
Amazon,Jeff Bezoz,sundar@google.com,Rohan Reddy,rohan.reddy816@gmail1234.com,"Round1: https://calendly.com/interview/91228
Round2: https://calendly.com/interview/85896
Round3: https://calendly.com/interview/64045",05 Nov 19:12
Flipkart,Sachin Bansal,sundar@google.com,Ishaan Gupta,ishaan.gupta218@gmail1234.com,Round1: https://calendly.com/interview/73444,02 Nov 2:25
Amazon,Jeff Bezoz,sundar@google.com,Arjun Gupta,arjun.gupta919@gmail1234.com,"Round1: https://calendly.com/interview/30415
Round2: https://calendly.com/interview/75877",01 Nov 11:54
Google,Sundar Pichai,sundar@google.com,Arjun Bose,arjun.bose284@gmail1234.com,"Round1: https://calendly.com/interview/83246
Round2: https://calendly.com/interview/25715
Round3: https://calendly.com/interview/67891",02 Nov 17:06
Google,Sundar Pichai,sundar@google.com,Rohan Mehta,rohan.mehta490@gmail1234.com,"Round1: https://calendly.com/interview/71846
Round2: https://calendly.com/interview/22519
Round3: https://calendly.com/interview/73299",02 Nov 10:31
Flipkart,Sachin Bansal,sundar@google.com,Aditya Sharma,aditya.sharma299@gmail1234.com,"Round1: https://calendly.com/interview/82306
Round2: https://calendly.com/interview/55590
Round3: https://calendly.com/interview/90832",05 Nov 6:25
Open AI,Sam Altman,sundar@google.com,Ishaan Bose,ishaan.bose373@gmail1234.com,"Round1: https://calendly.com/interview/56977
Round2: https://calendly.com/interview/81930",04 Nov 18:23
Tesla,Elon Musk,sundar@google.com,Neha Verma,neha.verma189@gmail1234.com,Round1: https://calendly.com/interview/94445,03 Nov 20:29
Google,Sundar Pichai,sundar@google.com,Neha Gupta,neha.gupta741@gmail1234.com,Round1: https://calendly.com/interview/18169,02 Nov 2:22
Amazon,Jeff Bezoz,sundar@google.com,Kunal Gupta,kunal.gupta653@gmail1234.com,Round1: https://calendly.com/interview/53670,03 Nov 19:41
Amazon,Jeff Bezoz,sundar@google.com,Kunal Iyer,kunal.iyer548@gmail1234.com,"Round1: https://calendly.com/interview/50748
Round2: https://calendly.com/interview/26377
Round3: https://calendly.com/interview/97373",04 Nov 5:05
Tesla,Elon Musk,sundar@google.com,Arjun Bose,arjun.bose608@gmail1234.com,Round1: https://calendly.com/interview/10400,04 Nov 2:12
Flipkart,Sachin Bansal,sundar@google.com,Ishaan Bose,ishaan.bose935@gmail1234.com,Round1: https://calendly.com/interview/51950,04 Nov 7:42
Open AI,Sam Altman,sundar@google.com,Rohan Mehta,rohan.mehta988@gmail1234.com,Round1: https://calendly.com/interview/13614,05 Nov 16:40
Flipkart,Sachin Bansal,sundar@google.com,Isha Iyer,isha.iyer260@gmail1234.com,Round1: https://calendly.com/interview/25594,03 Nov 8:12
Flipkart,Sachin Bansal,sundar@google.com,Ananya Verma,ananya.verma278@gmail1234.com,"Round1: https://calendly.com/interview/94640
Round2: https://calendly.com/interview/14661",02 Nov 21:43
Amazon,Jeff Bezoz,sundar@google.com,Pooja Kapoor,pooja.kapoor170@gmail1234.com,Round1: https://calendly.com/interview/75033,04 Nov 22:42
Google,Sundar Pichai,sundar@google.com,Meera Sharma,meera.sharma862@gmail1234.com,"Round1: https://calendly.com/interview/31679
Round2: https://calendly.com/interview/62401",05 Nov 16:44
Open AI,Sam Altman,sundar@google.com,Rahul Sharma,rahul.sharma697@gmail1234.com,"Round1: https://calendly.com/interview/30003
Round2: https://calendly.com/interview/76739",04 Nov 4:15
Flipkart,Sachin Bansal,sundar@google.com,Aditya Sharma,aditya.sharma276@gmail1234.com,Round1: https://calendly.com/interview/75622,02 Nov 22:57
Tesla,Elon Musk,sundar@google.com,Rhea Iyer,rhea.iyer355@gmail1234.com,"Round1: https://calendly.com/interview/57302
Round2: https://calendly.com/interview/48959",01 Nov 21:19
Flipkart,Sachin Bansal,sundar@google.com,Meera Iyer,meera.iyer135@gmail1234.com,Round1: https://calendly.com/interview/30569,02 Nov 19:07
Tesla,Elon Musk,sundar@google.com,Virat Reddy,virat.reddy566@gmail1234.com,"Round1: https://calendly.com/interview/17022
Round2: https://calendly.com/interview/90919",05 Nov 16:25
Amazon,Jeff Bezoz,sundar@google.com,Pooja Sharma,pooja.sharma481@gmail1234.com,"Round1: https://calendly.com/interview/16047
Round2: https://calendly.com/interview/51291",03 Nov 15:37
Tesla,Elon Musk,sundar@google.com,Arjun Sharma,arjun.sharma749@gmail1234.com,"Round1: https://calendly.com/interview/85991
Round2: https://calendly.com/interview/21846
Round3: https://calendly.com/interview/21004",03 Nov 16:36
Tesla,Elon Musk,sundar@google.com,Simran Bose,simran.bose715@gmail1234.com,"Round1: https://calendly.com/interview/52248
Round2: https://calendly.com/interview/51496",04 Nov 9:47
Tesla,Elon Musk,sundar@google.com,Isha Verma,isha.verma381@gmail1234.com,Round1: https://calendly.com/interview/67825,05 Nov 14:57
Flipkart,Sachin Bansal,sundar@google.com,Kritika Mehta,kritika.mehta206@gmail1234.com,"Round1: https://calendly.com/interview/32271
Round2: https://calendly.com/interview/67673",03 Nov 9:43
Flipkart,Sachin Bansal,sundar@google.com,Ananya Iyer,ananya.iyer538@gmail1234.com,Round1: https://calendly.com/interview/66153,03 Nov 10:21
Flipkart,Sachin Bansal,sundar@google.com,Neha Kapoor,neha.kapoor352@gmail1234.com,Round1: https://calendly.com/interview/25364,01 Nov 23:17
Open AI,Sam Altman,sundar@google.com,Kunal Sharma,kunal.sharma774@gmail1234.com,"Round1: https://calendly.com/interview/67642
Round2: https://calendly.com/interview/30855",02 Nov 23:20
Tesla,Elon Musk,sundar@google.com,Vivaan Bose,vivaan.bose157@gmail1234.com,"Round1: https://calendly.com/interview/47585
Round2: https://calendly.com/interview/44432
Round3: https://calendly.com/interview/45755",05 Nov 0:38
Flipkart,Sachin Bansal,sundar@google.com,Aarav Gupta,aarav.gupta135@gmail1234.com,"Round1: https://calendly.com/interview/14541
Round2: https://calendly.com/interview/22207
Round3: https://calendly.com/interview/70988",04 Nov 22:48
Amazon,Jeff Bezoz,sundar@google.com,Aarav Reddy,aarav.reddy144@gmail1234.com,Round1: https://calendly.com/interview/11398,04 Nov 8:10
Amazon,Jeff Bezoz,sundar@google.com,Virat Kapoor,virat.kapoor512@gmail1234.com,Round1: https://calendly.com/interview/76538,02 Nov 13:52
Flipkart,Sachin Bansal,sundar@google.com,Kunal Bose,kunal.bose935@gmail1234.com,Round1: https://calendly.com/interview/90543,02 Nov 5:42
Open AI,Sam Altman,sundar@google.com,Simran Nair,simran.nair570@gmail1234.com,Round1: https://calendly.com/interview/45576,02 Nov 13:41
Google,Sundar Pichai,sundar@google.com,Kunal Kapoor,kunal.kapoor407@gmail1234.com,"Round1: https://calendly.com/interview/33148
Round2: https://calendly.com/interview/82567",03 Nov 20:07
Tesla,Elon Musk,sundar@google.com,Virat Mehta,virat.mehta558@gmail1234.com,Round1: https://calendly.com/interview/18365,04 Nov 18:57
Flipkart,Sachin Bansal,sundar@google.com,Neha Patel,neha.patel52@gmail1234.com,"Round1: https://calendly.com/interview/65163
Round2: https://calendly.com/interview/17817",03 Nov 5:45
Open AI,Sam Altman,sundar@google.com,Virat Mehta,virat.mehta692@gmail1234.com,"Round1: https://calendly.com/interview/61929
Round2: https://calendly.com/interview/80224",05 Nov 16:57
Tesla,Elon Musk,sundar@google.com,Aarav Verma,aarav.verma846@gmail1234.com,"Round1: https://calendly.com/interview/77305
Round2: https://calendly.com/interview/76754
Round3: https://calendly.com/interview/96928",02 Nov 21:47
Flipkart,Sachin Bansal,sundar@google.com,Ishaan Reddy,ishaan.reddy673@gmail1234.com,"Round1: https://calendly.com/interview/66341
Round2: https://calendly.com/interview/89697",02 Nov 17:16
Google,Sundar Pichai,sundar@google.com,Rhea Reddy,rhea.reddy363@gmail1234.com,"Round1: https://calendly.com/interview/81166
Round2: https://calendly.com/interview/73917",01 Nov 23:57
Tesla,Elon Musk,sundar@google.com,Meera Kapoor,meera.kapoor798@gmail1234.com,"Round1: https://calendly.com/interview/20952
Round2: https://calendly.com/interview/33697",01 Nov 22:21
Tesla,Elon Musk,sundar@google.com,Neha Reddy,neha.reddy350@gmail1234.com,Round1: https://calendly.com/interview/71359,05 Nov 2:08
Google,Sundar Pichai,sundar@google.com,Kabir Sharma,kabir.sharma479@gmail1234.com,"Round1: https://calendly.com/interview/93592
Round2: https://calendly.com/interview/46097
Round3: https://calendly.com/interview/33232",01 Nov 15:55
Tesla,Elon Musk,sundar@google.com,Pooja Bose,pooja.bose914@gmail1234.com,Round1: https://calendly.com/interview/40505,03 Nov 20:17
Open AI,Sam Altman,sundar@google.com,Vivaan Gupta,vivaan.gupta273@gmail1234.com,"Round1: https://calendly.com/interview/90609
Round2: https://calendly.com/interview/57578
Round3: https://calendly.com/interview/39466",03 Nov 3:34
Amazon,Jeff Bezoz,sundar@google.com,Kabir Sharma,kabir.sharma722@gmail1234.com,"Round1: https://calendly.com/interview/49512
Round2: https://calendly.com/interview/71117
Round3: https://calendly.com/interview/40819",05 Nov 17:44
Tesla,Elon Musk,sundar@google.com,Rohan Verma,rohan.verma106@gmail1234.com,"Round1: https://calendly.com/interview/67166
Round2: https://calendly.com/interview/57449
Round3: https://calendly.com/interview/48690",05 Nov 12:21
Amazon,Jeff Bezoz,sundar@google.com,Rohan Reddy,rohan.reddy549@gmail1234.com,"Round1: https://calendly.com/interview/19125
Round2: https://calendly.com/interview/88296
Round3: https://calendly.com/interview/83789",03 Nov 12:11
Open AI,Sam Altman,sundar@google.com,Neha Patel,neha.patel233@gmail1234.com,"Round1: https://calendly.com/interview/65335
Round2: https://calendly.com/interview/48392",02 Nov 2:19
Flipkart,Sachin Bansal,sundar@google.com,Kunal Kapoor,kunal.kapoor402@gmail1234.com,Round1: https://calendly.com/interview/65401,01 Nov 9:53
Flipkart,Sachin Bansal,sundar@google.com,Kunal Bose,kunal.bose933@gmail1234.com,"Round1: https://calendly.com/interview/24461
Round2: https://calendly.com/interview/86533
Round3: https://calendly.com/interview/48873",01 Nov 9:15
Open AI,Sam Altman,sundar@google.com,Neha Mehta,neha.mehta46@gmail1234.com,Round1: https://calendly.com/interview/92775,03 Nov 14:05
Amazon,Jeff Bezoz,sundar@google.com,Neha Nair,neha.nair631@gmail1234.com,"Round1: https://calendly.com/interview/67635
Round2: https://calendly.com/interview/38499",02 Nov 19:45
Amazon,Jeff Bezoz,sundar@google.com,Rhea Nair,rhea.nair595@gmail1234.com,Round1: https://calendly.com/interview/82028,04 Nov 10:26
Flipkart,Sachin Bansal,sundar@google.com,Ananya Patel,ananya.patel110@gmail1234.com,Round1: https://calendly.com/interview/39769,02 Nov 22:05
Tesla,Elon Musk,sundar@google.com,Rahul Nair,rahul.nair400@gmail1234.com,"Round1: https://calendly.com/interview/22488
Round2: https://calendly.com/interview/11703
Round3: https://calendly.com/interview/34541",05 Nov 9:55
Tesla,Elon Musk,sundar@google.com,Rahul Verma,rahul.verma959@gmail1234.com,Round1: https://calendly.com/interview/48832,04 Nov 18:20
Tesla,Elon Musk,sundar@google.com,Meera Gupta,meera.gupta236@gmail1234.com,Round1: https://calendly.com/interview/24906,04 Nov 8:32
Google,Sundar Pichai,sundar@google.com,Simran Iyer,simran.iyer419@gmail1234.com,"Round1: https://calendly.com/interview/20245
Round2: https://calendly.com/interview/68548
Round3: https://calendly.com/interview/81697",02 Nov 7:26
Tesla,Elon Musk,sundar@google.com,Kabir Patel,kabir.patel177@gmail1234.com,"Round1: https://calendly.com/interview/17174
Round2: https://calendly.com/interview/53246
Round3: https://calendly.com/interview/64556",04 Nov 20:03
Google,Sundar Pichai,sundar@google.com,Neha Verma,neha.verma480@gmail1234.com,Round1: https://calendly.com/interview/18072,05 Nov 15:05
Open AI,Sam Altman,sundar@google.com,Kabir Bose,kabir.bose549@gmail1234.com,"Round1: https://calendly.com/interview/82250
Round2: https://calendly.com/interview/33338
Round3: https://calendly.com/interview/34936",02 Nov 3:02
Google,Sundar Pichai,sundar@google.com,Kritika Gupta,kritika.gupta874@gmail1234.com,Round1: https://calendly.com/interview/82240,03 Nov 21:46
Open AI,Sam Altman,sundar@google.com,Isha Gupta,isha.gupta153@gmail1234.com,"Round1: https://calendly.com/interview/68846
Round2: https://calendly.com/interview/95670
Round3: https://calendly.com/interview/64322",01 Nov 13:02
Amazon,Jeff Bezoz,sundar@google.com,Kritika Kapoor,kritika.kapoor28@gmail1234.com,"Round1: https://calendly.com/interview/58791
Round2: https://calendly.com/interview/46154
Round3: https://calendly.com/interview/53073",04 Nov 6:48
Amazon,Jeff Bezoz,sundar@google.com,Meera Verma,meera.verma826@gmail1234.com,"Round1: https://calendly.com/interview/57952
Round2: https://calendly.com/interview/21671
Round3: https://calendly.com/interview/48468",02 Nov 22:10
Tesla,Elon Musk,sundar@google.com,Meera Kapoor,meera.kapoor807@gmail1234.com,Round1: https://calendly.com/interview/87645,02 Nov 9:24
Amazon,Jeff Bezoz,sundar@google.com,Pooja Sharma,pooja.sharma448@gmail1234.com,Round1: https://calendly.com/interview/95295,04 Nov 3:49
Google,Sundar Pichai,sundar@google.com,Rhea Sharma,rhea.sharma536@gmail1234.com,"Round1: https://calendly.com/interview/72912
Round2: https://calendly.com/interview/18624
Round3: https://calendly.com/interview/12945",05 Nov 0:32
Tesla,Elon Musk,sundar@google.com,Isha Mehta,isha.mehta611@gmail1234.com,"Round1: https://calendly.com/interview/50222
Round2: https://calendly.com/interview/40191",03 Nov 21:58
Google,Sundar Pichai,sundar@google.com,Ananya Sharma,ananya.sharma296@gmail1234.com,"Round1: https://calendly.com/interview/83918
Round2: https://calendly.com/interview/80925
Round3: https://calendly.com/interview/79962",02 Nov 15:09
Google,Sundar Pichai,sundar@google.com,Virat Sharma,virat.sharma345@gmail1234.com,"Round1: https://calendly.com/interview/74582
Round2: https://calendly.com/interview/52068
Round3: https://calendly.com/interview/19753",02 Nov 13:31
Amazon,Jeff Bezoz,sundar@google.com,Sanya Iyer,sanya.iyer657@gmail1234.com,Round1: https://calendly.com/interview/29577,01 Nov 20:09
Google,Sundar Pichai,sundar@google.com,Priya Kapoor,priya.kapoor577@gmail1234.com,Round1: https://calendly.com/interview/88874,02 Nov 5:54
Open AI,Sam Altman,sundar@google.com,Arjun Reddy,arjun.reddy475@gmail1234.com,Round1: https://calendly.com/interview/65096,05 Nov 11:12
Google,Sundar Pichai,sundar@google.com,Pooja Patel,pooja.patel144@gmail1234.com,"Round1: https://calendly.com/interview/86592
Round2: https://calendly.com/interview/29695
Round3: https://calendly.com/interview/37573",05 Nov 11:15
Open AI,Sam Altman,sundar@google.com,Ananya Sharma,ananya.sharma949@gmail1234.com,"Round1: https://calendly.com/interview/38827
Round2: https://calendly.com/interview/99786",04 Nov 4:15
Tesla,Elon Musk,sundar@google.com,Kabir Iyer,kabir.iyer515@gmail1234.com,"Round1: https://calendly.com/interview/44996
Round2: https://calendly.com/interview/98072
Round3: https://calendly.com/interview/58477",05 Nov 13:28
Amazon,Jeff Bezoz,sundar@google.com,Sanya Reddy,sanya.reddy733@gmail1234.com,Round1: https://calendly.com/interview/84206,04 Nov 8:59
Tesla,Elon Musk,sundar@google.com,Vivaan Reddy,vivaan.reddy544@gmail1234.com,"Round1: https://calendly.com/interview/32917
Round2: https://calendly.com/interview/47032",03 Nov 1:53
Tesla,Elon Musk,sundar@google.com,Virat Mehta,virat.mehta7@gmail1234.com,"Round1: https://calendly.com/interview/35453
Round2: https://calendly.com/interview/97590",04 Nov 7:54
Amazon,Jeff Bezoz,sundar@google.com,Neha Kapoor,neha.kapoor273@gmail1234.com,Round1: https://calendly.com/interview/83420,03 Nov 11:56
Tesla,Elon Musk,sundar@google.com,Aditya Reddy,aditya.reddy756@gmail1234.com,Round1: https://calendly.com/interview/98033,02 Nov 1:41
Amazon,Jeff Bezoz,sundar@google.com,Ishaan Iyer,ishaan.iyer48@gmail1234.com,Round1: https://calendly.com/interview/44498,03 Nov 22:38
Open AI,Sam Altman,sundar@google.com,Kritika Sharma,kritika.sharma925@gmail1234.com,"Round1: https://calendly.com/interview/20057
Round2: https://calendly.com/interview/78685",05 Nov 18:53
Tesla,Elon Musk,sundar@google.com,Rohan Bose,rohan.bose832@gmail1234.com,Round1: https://calendly.com/interview/39662,02 Nov 3:21
Tesla,Elon Musk,sundar@google.com,Virat Reddy,virat.reddy310@gmail1234.com,Round1: https://calendly.com/interview/45861,03 Nov 16:46
Tesla,Elon Musk,sundar@google.com,Aarav Bose,aarav.bose514@gmail1234.com,Round1: https://calendly.com/interview/48478,03 Nov 14:26
Flipkart,Sachin Bansal,sundar@google.com,Priya Gupta,priya.gupta11@gmail1234.com,"Round1: https://calendly.com/interview/78477
Round2: https://calendly.com/interview/28639",04 Nov 16:55
Tesla,Elon Musk,sundar@google.com,Kabir Kapoor,kabir.kapoor871@gmail1234.com,"Round1: https://calendly.com/interview/39120
Round2: https://calendly.com/interview/36789
Round3: https://calendly.com/interview/24812",05 Nov 13:50
Open AI,Sam Altman,sundar@google.com,Priya Reddy,priya.reddy886@gmail1234.com,"Round1: https://calendly.com/interview/23582
Round2: https://calendly.com/interview/49602
Round3: https://calendly.com/interview/37379",02 Nov 18:21
Flipkart,Sachin Bansal,sundar@google.com,Ananya Gupta,ananya.gupta284@gmail1234.com,"Round1: https://calendly.com/interview/67848
Round2: https://calendly.com/interview/75627
Round3: https://calendly.com/interview/76704",03 Nov 19:24
Amazon,Jeff Bezoz,sundar@google.com,Ananya Kapoor,ananya.kapoor497@gmail1234.com,"Round1: https://calendly.com/interview/23996
Round2: https://calendly.com/interview/55695",02 Nov 22:08
Amazon,Jeff Bezoz,sundar@google.com,Rohan Iyer,rohan.iyer423@gmail1234.com,Round1: https://calendly.com/interview/23603,05 Nov 0:47
Open AI,Sam Altman,sundar@google.com,Isha Verma,isha.verma366@gmail1234.com,"Round1: https://calendly.com/interview/54605
Round2: https://calendly.com/interview/17579",05 Nov 15:20
Tesla,Elon Musk,sundar@google.com,Aarav Bose,aarav.bose380@gmail1234.com,Round1: https://calendly.com/interview/89800,03 Nov 7:19
Flipkart,Sachin Bansal,sundar@google.com,Pooja Kapoor,pooja.kapoor277@gmail1234.com,"Round1: https://calendly.com/interview/68257
Round2: https://calendly.com/interview/88241
Round3: https://calendly.com/interview/47545",04 Nov 16:31
Flipkart,Sachin Bansal,sundar@google.com,Neha Nair,neha.nair280@gmail1234.com,"Round1: https://calendly.com/interview/85680
Round2: https://calendly.com/interview/70826
Round3: https://calendly.com/interview/72200",04 Nov 10:28
Amazon,Jeff Bezoz,sundar@google.com,Kabir Gupta,kabir.gupta19@gmail1234.com,"Round1: https://calendly.com/interview/67186
Round2: https://calendly.com/interview/68145
Round3: https://calendly.com/interview/56995",03 Nov 19:43
Google,Sundar Pichai,sundar@google.com,Rohan Patel,rohan.patel141@gmail1234.com,"Round1: https://calendly.com/interview/92058
Round2: https://calendly.com/interview/43650",05 Nov 6:41
Amazon,Jeff Bezoz,sundar@google.com,Simran Gupta,simran.gupta410@gmail1234.com,Round1: https://calendly.com/interview/63269,04 Nov 23:09
Open AI,Sam Altman,sundar@google.com,Simran Mehta,simran.mehta322@gmail1234.com,"Round1: https://calendly.com/interview/78391
Round2: https://calendly.com/interview/40015
Round3: https://calendly.com/interview/81108",03 Nov 2:53
Amazon,Jeff Bezoz,sundar@google.com,Kunal Kapoor,kunal.kapoor279@gmail1234.com,Round1: https://calendly.com/interview/93776,05 Nov 6:06
Open AI,Sam Altman,sundar@google.com,Vivaan Verma,vivaan.verma965@gmail1234.com,Round1: https://calendly.com/interview/84895,05 Nov 8:14
Tesla,Elon Musk,sundar@google.com,Virat Patel,virat.patel493@gmail1234.com,"Round1: https://calendly.com/interview/22491
Round2: https://calendly.com/interview/29062
Round3: https://calendly.com/interview/53385",04 Nov 5:02
Amazon,Jeff Bezoz,sundar@google.com,Virat Gupta,virat.gupta199@gmail1234.com,"Round1: https://calendly.com/interview/13551
Round2: https://calendly.com/interview/68952",02 Nov 2:42
Open AI,Sam Altman,sundar@google.com,Vivaan Patel,vivaan.patel914@gmail1234.com,"Round1: https://calendly.com/interview/82695
Round2: https://calendly.com/interview/91707
Round3: https://calendly.com/interview/54767",02 Nov 18:33
Open AI,Sam Altman,sundar@google.com,Arjun Nair,arjun.nair23@gmail1234.com,"Round1: https://calendly.com/interview/63400
Round2: https://calendly.com/interview/40106",04 Nov 15:55
Open AI,Sam Altman,sundar@google.com,Virat Nair,virat.nair28@gmail1234.com,"Round1: https://calendly.com/interview/40008
Round2: https://calendly.com/interview/39975",03 Nov 6:50
Flipkart,Sachin Bansal,sundar@google.com,Vivaan Iyer,vivaan.iyer224@gmail1234.com,"Round1: https://calendly.com/interview/93557
Round2: https://calendly.com/interview/71337
Round3: https://calendly.com/interview/14678",04 Nov 21:29
Tesla,Elon Musk,sundar@google.com,Kritika Reddy,kritika.reddy492@gmail1234.com,"Round1: https://calendly.com/interview/12242
Round2: https://calendly.com/interview/88175
Round3: https://calendly.com/interview/63178",05 Nov 3:33
Flipkart,Sachin Bansal,sundar@google.com,Aarav Verma,aarav.verma365@gmail1234.com,Round1: https://calendly.com/interview/31755,04 Nov 4:34
Flipkart,Sachin Bansal,sundar@google.com,Rohan Bose,rohan.bose118@gmail1234.com,Round1: https://calendly.com/interview/87788,03 Nov 1:43
Amazon,Jeff Bezoz,sundar@google.com,Vivaan Mehta,vivaan.mehta273@gmail1234.com,"Round1: https://calendly.com/interview/54659
Round2: https://calendly.com/interview/89131",04 Nov 12:07
Open AI,Sam Altman,sundar@google.com,Rahul Sharma,rahul.sharma725@gmail1234.com,"Round1: https://calendly.com/interview/41208
Round2: https://calendly.com/interview/59134",01 Nov 15:07
Google,Sundar Pichai,sundar@google.com,Ishaan Bose,ishaan.bose528@gmail1234.com,Round1: https://calendly.com/interview/92747,05 Nov 5:07
Tesla,Elon Musk,sundar@google.com,Sanya Verma,sanya.verma227@gmail1234.com,"Round1: https://calendly.com/interview/20620
Round2: https://calendly.com/interview/69671
Round3: https://calendly.com/interview/59556",03 Nov 23:42
Open AI,Sam Altman,sundar@google.com,Vivaan Gupta,vivaan.gupta39@gmail1234.com,"Round1: https://calendly.com/interview/98089
Round2: https://calendly.com/interview/20872
Round3: https://calendly.com/interview/46321",01 Nov 14:22
Google,Sundar Pichai,sundar@google.com,Neha Sharma,neha.sharma771@gmail1234.com,"Round1: https://calendly.com/interview/61840
Round2: https://calendly.com/interview/37902
Round3: https://calendly.com/interview/17974",01 Nov 11:47
Flipkart,Sachin Bansal,sundar@google.com,Sanya Verma,sanya.verma607@gmail1234.com,Round1: https://calendly.com/interview/90265,02 Nov 23:18
Flipkart,Sachin Bansal,sundar@google.com,Kabir Mehta,kabir.mehta526@gmail1234.com,"Round1: https://calendly.com/interview/97356
Round2: https://calendly.com/interview/57295",05 Nov 19:40
Google,Sundar Pichai,sundar@google.com,Kabir Nair,kabir.nair754@gmail1234.com,Round1: https://calendly.com/interview/77457,04 Nov 15:45
Tesla,Elon Musk,sundar@google.com,Ananya Patel,ananya.patel384@gmail1234.com,Round1: https://calendly.com/interview/90729,01 Nov 18:39
Amazon,Jeff Bezoz,sundar@google.com,Isha Sharma,isha.sharma190@gmail1234.com,Round1: https://calendly.com/interview/29543,05 Nov 18:35
Open AI,Sam Altman,sundar@google.com,Pooja Sharma,pooja.sharma827@gmail1234.com,"Round1: https://calendly.com/interview/44609
Round2: https://calendly.com/interview/77624
Round3: https://calendly.com/interview/28417",02 Nov 13:57
Tesla,Elon Musk,sundar@google.com,Ishaan Bose,ishaan.bose541@gmail1234.com,"Round1: https://calendly.com/interview/64672
Round2: https://calendly.com/interview/85502",03 Nov 19:49
Flipkart,Sachin Bansal,sundar@google.com,Ananya Iyer,ananya.iyer68@gmail1234.com,"Round1: https://calendly.com/interview/17698
Round2: https://calendly.com/interview/41139",03 Nov 23:15
Flipkart,Sachin Bansal,sundar@google.com,Virat Kapoor,virat.kapoor507@gmail1234.com,"Round1: https://calendly.com/interview/93088
Round2: https://calendly.com/interview/78855",02 Nov 10:41
Tesla,Elon Musk,sundar@google.com,Aditya Gupta,aditya.gupta426@gmail1234.com,Round1: https://calendly.com/interview/17291,01 Nov 22:31
Amazon,Jeff Bezoz,sundar@google.com,Simran Kapoor,simran.kapoor996@gmail1234.com,"Round1: https://calendly.com/interview/75739
Round2: https://calendly.com/interview/66316
Round3: https://calendly.com/interview/72029",02 Nov 21:36
Open AI,Sam Altman,sundar@google.com,Kritika Kapoor,kritika.kapoor736@gmail1234.com,"Round1: https://calendly.com/interview/53737
Round2: https://calendly.com/interview/86470",03 Nov 6:17
Google,Sundar Pichai,sundar@google.com,Kunal Mehta,kunal.mehta828@gmail1234.com,Round1: https://calendly.com/interview/45446,02 Nov 9:13
Amazon,Jeff Bezoz,sundar@google.com,Rahul Reddy,rahul.reddy265@gmail1234.com,"Round1: https://calendly.com/interview/34175
Round2: https://calendly.com/interview/68520",01 Nov 18:09
Amazon,Jeff Bezoz,sundar@google.com,Ishaan Bose,ishaan.bose756@gmail1234.com,Round1: https://calendly.com/interview/10859,03 Nov 9:14
Google,Sundar Pichai,sundar@google.com,Aditya Iyer,aditya.iyer747@gmail1234.com,"Round1: https://calendly.com/interview/65553
Round2: https://calendly.com/interview/85610",01 Nov 11:26
Google,Sundar Pichai,sundar@google.com,Priya Iyer,priya.iyer69@gmail1234.com,"Round1: https://calendly.com/interview/96476
Round2: https://calendly.com/interview/68726",05 Nov 11:29
Open AI,Sam Altman,sundar@google.com,Kunal Patel,kunal.patel896@gmail1234.com,"Round1: https://calendly.com/interview/95438
Round2: https://calendly.com/interview/66612",05 Nov 1:57
Amazon,Jeff Bezoz,sundar@google.com,Vivaan Nair,vivaan.nair78@gmail1234.com,Round1: https://calendly.com/interview/56367,02 Nov 20:49
Google,Sundar Pichai,sundar@google.com,Pooja Kapoor,pooja.kapoor753@gmail1234.com,"Round1: https://calendly.com/interview/79250
Round2: https://calendly.com/interview/69273",03 Nov 19:28
Flipkart,Sachin Bansal,sundar@google.com,Virat Nair,virat.nair278@gmail1234.com,Round1: https://calendly.com/interview/79906,03 Nov 22:36
Google,Sundar Pichai,sundar@google.com,Priya Patel,priya.patel826@gmail1234.com,"Round1: https://calendly.com/interview/88867
Round2: https://calendly.com/interview/38713
Round3: https://calendly.com/interview/74181",03 Nov 12:10
Tesla,Elon Musk,sundar@google.com,Aarav Kapoor,aarav.kapoor294@gmail1234.com,"Round1: https://calendly.com/interview/17841
Round2: https://calendly.com/interview/56322
Round3: https://calendly.com/interview/67065",03 Nov 3:17
Google,Sundar Pichai,sundar@google.com,Kabir Reddy,kabir.reddy120@gmail1234.com,Round1: https://calendly.com/interview/28066,02 Nov 8:57
Tesla,Elon Musk,sundar@google.com,Kabir Reddy,kabir.reddy288@gmail1234.com,Round1: https://calendly.com/interview/63904,03 Nov 5:13
Amazon,Jeff Bezoz,sundar@google.com,Rohan Sharma,rohan.sharma958@gmail1234.com,"Round1: https://calendly.com/interview/27529
Round2: https://calendly.com/interview/46987
Round3: https://calendly.com/interview/72016",04 Nov 20:44
Open AI,Sam Altman,sundar@google.com,Kunal Reddy,kunal.reddy598@gmail1234.com,"Round1: https://calendly.com/interview/18731
Round2: https://calendly.com/interview/97656",01 Nov 18:38
Flipkart,Sachin Bansal,sundar@google.com,Neha Kapoor,neha.kapoor129@gmail1234.com,"Round1: https://calendly.com/interview/46902
Round2: https://calendly.com/interview/75493
Round3: https://calendly.com/interview/16175",03 Nov 8:13
Tesla,Elon Musk,sundar@google.com,Priya Patel,priya.patel742@gmail1234.com,Round1: https://calendly.com/interview/84797,03 Nov 1:28
Open AI,Sam Altman,sundar@google.com,Sanya Nair,sanya.nair877@gmail1234.com,Round1: https://calendly.com/interview/16391,01 Nov 13:55
Open AI,Sam Altman,sundar@google.com,Simran Mehta,simran.mehta708@gmail1234.com,"Round1: https://calendly.com/interview/32815
Round2: https://calendly.com/interview/46448
Round3: https://calendly.com/interview/44557",01 Nov 10:29
Amazon,Jeff Bezoz,sundar@google.com,Virat Reddy,virat.reddy439@gmail1234.com,"Round1: https://calendly.com/interview/86665
Round2: https://calendly.com/interview/19865
Round3: https://calendly.com/interview/94884",03 Nov 19:31
Open AI,Sam Altman,sundar@google.com,Rohan Mehta,rohan.mehta806@gmail1234.com,Round1: https://calendly.com/interview/51039,05 Nov 4:43